<!-- #################################################################### -->
<!-- ##                                                                ## -->
<!-- ##  resclaux.xml      ResClasses documentation       Stefan Kohl  ## -->
<!-- ##                                                                ## -->
<!-- ##  $Id: resclaux.xml,v 1.25 2011/05/07 20:58:30 stefan Exp $     ## -->
<!-- ##                                                                ## -->
<!-- #################################################################### -->

<Chapter Label="ch:InstallationAndAuxiliaryFunctions">
<Heading>Installation and auxiliary functions</Heading>

<!-- #################################################################### -->

<Section Label="sec:Requirements">
<Heading>Requirements</Heading>

&ResClasses;&nbsp;3.0.0 needs at least &GAP;&nbsp;4.4.12,
<Package>Polycyclic</Package>&nbsp;2.6&nbsp;<Cite Key="Polycyclic"/>
and &GAPDoc;&nbsp;1.3&nbsp;<Cite Key="GAPDoc"/>.
It can be used under UNIX, under Windows and on the MacIntosh.
&ResClasses; is completely written in the &GAP; language and does
neither contain nor require external binaries.

</Section>

<!-- #################################################################### -->
<Section Label="sec:Installation">

<Heading>Installation</Heading>

Like any other &GAP; package, &ResClasses; must be installed in the
<F>pkg</F> subdirectory of the &GAP; distribution. This is accomplished by
extracting the distribution file in this directory. By default,
the package &ResClasses; is autoloaded. If you have switched autoloading
of packages off, you can load &ResClasses; via
<C>LoadPackage( "resclasses" );</C>.

</Section>

<!-- #################################################################### -->

<Section Label="sec:TheTestingRoutine">
<Heading>The testing routine</Heading>

<ManSection>
  <Func Name="ResClassesTest" Arg=""/>
  <Returns> Nothing. </Returns>
  <Description>
    Performs tests of the &ResClasses; package.
    Errors, i.e. differences to the correct results of the test computations,
    are reported. The processed test files are in the directory
    <F>pkg/resclasses/tst</F>.
  </Description>
</ManSection>

</Section>

<!-- #################################################################### -->

<Section Label="sec:BuildingTheManual">
<Heading>Building the manual</Heading>

<ManSection>
  <Func Name="ResClassesBuildManual" Arg=""/>
  <Returns> Nothing. </Returns>
  <Description>
    This function is a development tool which builds the manual of the
    &ResClasses; package in the file formats &LaTeX;, PDF, HTML and
    ASCII text.
    This is accomplished using the &GAPDoc; package by Frank L�beck and
    Max Neunh�ffer. Building the manual is possible only on UNIX systems
    and requires PDF&LaTeX;.
    As all files generated by this function are included in the
    distribution file anyway, users will not need it.
  </Description>
</ManSection>

</Section>

<!-- #################################################################### -->

<Section Label="sec:SendEmailAndEmailLogFile">
<Heading>SendEmail and EmailLogFile</Heading>

<ManSection>
  <Func Name="SendEmail" Arg="sendto, copyto, subject, text"/>
  <Returns>
    Zero if everything worked correctly, and a system error number otherwise.
  </Returns>
  <Description>
    Sends an e-mail with subject <A>subject</A> and body <A>text</A> to the
    addresses in the list <A>sendto</A>, and copies it to those in the list
    <A>copyto</A>. The first two arguments must be lists of strings, and
    the latter two must be strings. <P/>

    As most system-related functions, <C>SendEmail</C> works only under UNIX.
    Further, the computer must of course be connected to the internet.
  </Description>
</ManSection>

<ManSection>
  <Func Name="EmailLogFile" Arg="addresses"/>
  <Returns>
    Zero if everything worked correctly, and a system error number otherwise.
  </Returns>
  <Description>
    Sends the current log file by e-mail to <A>addresses</A>, if &GAP; is in
    logging mode and one is working under UNIX, and does nothing otherwise.
    The argument <A>addresses</A> must be either a list of e-mail addresses
    or a single e-mail address. Long log files are abbreviated, i.e. if the
    log file is larger than 64KB, then any output is truncated at 1KB, and
    if the log file is still longer than 64KB afterwards, it is truncated
    at&nbsp;64KB.
  </Description>
</ManSection>

</Section>

<!-- #################################################################### -->

</Chapter>

<!-- #################################################################### -->
