<?xml version="1.0" encoding="ISO-8859-1"?>

<!DOCTYPE Book SYSTEM "../../gapdoc/gapdoc.dtd"
 [ <!ENTITY ResClasses "<Package>ResClasses</Package>">
   <!ENTITY RCWA "<Package>RCWA</Package>"> ] >
<?LaTeX ExtraPreamble=""?>

<!-- #################################################################### -->
<!-- ##                                                                ## -->
<!-- ##  main.xml        ResClasses documentation         Stefan Kohl  ## -->
<!-- ##                                                                ## -->
<!-- #################################################################### -->

<Book Name="ResClasses"> 

<!-- #################################################################### -->

<TitlePage>
  <Title>&ResClasses;</Title>
  <Subtitle>
    Set-Theoretic Computations with Residue Classes
  </Subtitle>
  <Version>
    Version <#Include SYSTEM "../version">
  </Version>
  <Author>
    Stefan Kohl
    <Email>stefan@mcs.st-and.ac.uk</Email>
    <Homepage>
      http://www.gap-system.org/DevelopersPages/StefanKohl/
    </Homepage>
  </Author>
  <Date>March 4, 2016</Date>
  <Copyright>
    &copyright; 2003 - 2016 by Stefan Kohl. <P/>

    &ResClasses; is free software: you can redistribute it and/or modify
    it under the terms of the GNU General Public License as published by
    the Free Software Foundation, either version 2 of the License, or
    (at your option) any later version. <P/>

    &ResClasses; is distributed in the hope that it will be useful,
    but WITHOUT ANY WARRANTY; without even the implied warranty of
    MERCHANTABILITY or FITNESS FOR A PARTICULAR PURPOSE.  See the
    GNU General Public License for more details. <P/>

    For a copy of the GNU General Public License, see 
    the file <F>GPL</F> in the <F>etc</F> directory of the &GAP;
    distribution or see <URL>http://www.gnu.org/licenses/gpl.html</URL>.
  </Copyright>
  <#Include SYSTEM "abstract.xml">
</TitlePage>

<!-- #################################################################### -->

<TableOfContents/>

<!-- #################################################################### -->

<Body>

<#Include SYSTEM "resclass.xml">
<#Include SYSTEM "fixedrep.xml">
<#Include SYSTEM "z_pi.xml">
<#Include SYSTEM "resclaux.xml">

</Body>

<!-- #################################################################### -->

<Bibliography Databases="resclassesbib.xml"/>

<TheIndex/>

<!-- #################################################################### -->

</Book>

<!-- #################################################################### -->
