<?xml version="1.0" encoding="ISO-8859-1"?>
<!-- ########################################################################################### -->
<!-- ##                                                                                       ## -->
<!-- ##  factintbib.xml                 FactInt documentation                    Stefan Kohl  ## -->
<!-- ##                                                                                       ## -->
<!-- ########################################################################################### -->

<!DOCTYPE file SYSTEM "../../gapdoc/bibxmlext.dtd" []>

<file>

<entry id="Brent96"><misc>
  <author>
    <name><first>Richard P.</first><last>Brent</last></name>
  </author>
  <title>Factorization of the Tenth and Eleventh <C>F</C>ermat Numbers</title>
  <year>1996</year>
  <other type="note">
    <URL>ftp://ftp.comlab.ox.ac.uk/pub/Documents/techpapers/Richard.Brent/rpb161tr.dvi.gz</URL>
  </other>
</misc></entry>

<entry id="Brent04"><misc>
  <author>
    <name><first>Richard P.</first><last>Brent</last></name>
  </author>
  <title>Factor Tables</title>
  <year>2004</year>
  <other type="note">
    <URL>http://web.comlab.ox.ac.uk/oucl/work/richard.brent/factors.html</URL>
  </other>
</misc></entry>

<entry id="Bressoud89"><book>
  <author>
    <name><first>David M.</first><last>Bressoud</last></name>
  </author>
  <title>Factorization and Primality Testing</title>
  <publisher>Springer-Verlag</publisher>
  <year>1989</year>
  <isbn>0-387-97040-1</isbn>
  <mrnumber>MR1016812 (91e:11150)</mrnumber>
</book></entry>

<entry id="Cohen93"><book>
  <author>
    <name><first>Henri</first><last>Cohen</last></name>
  </author>
  <title>A Course in Computational Algebraic Number Theory</title>
  <publisher>Springer-Verlag</publisher>
  <year>1993</year>
  <isbn>0-387-55640-0</isbn>
  <mrnumber>MR1228206 (94i:11105)</mrnumber>
</book></entry>

<entry id="GAPDoc"><manual>
  <author>
    <name><first>Frank</first><last>L�beck</last></name>
    <name><first>Max</first><last>Neunh�ffer</last></name>
  </author>
  <title><C>GAPDoc (Version 1.0)</C></title>
  <organization>RWTH Aachen</organization>
  <year>2007</year>
  <other type="note">
    GAP package, <URL>http://www.gap-system.org/Packages/gapdoc.html</URL>
  </other>
</manual></entry>

</file>

<!-- ########################################################################################### -->
