<?xml version="1.0" encoding="ISO-8859-1"?>

<!DOCTYPE Book SYSTEM "../../gapdoc/gapdoc.dtd"
 [ <!ENTITY GAP "<Package>GAP</Package>">
   <!ENTITY FactInt "<Package>FactInt</Package>">
 ]>
<?LaTeX ExtraPreamble="\usepackage{amsfonts}"?>
<?LaTeX ExtraPreamble="\usepackage{amsxtra}"?>

<!-- #################################################################### -->
<!-- ##                                                                ## -->
<!-- ##  factint.xml        FactInt documentation         Stefan Kohl  ## -->
<!-- ##                                                                ## -->
<!-- #################################################################### -->

<Book Name="FactInt"> 

<!-- #################################################################### -->

<TitlePage>
  <Title>&FactInt;</Title>
  <Subtitle>Advanced Methods for Factoring Integers</Subtitle>
  <Version>
    Version <#Include SYSTEM "../version">
  </Version>
  <Author>
    Stefan Kohl
    <Email>stefan@mcs.st-and.ac.uk</Email>
    <Homepage>
      http://www.gap-system.org/DevelopersPages/StefanKohl/
    </Homepage>
    <Address>
      Department of Mathematics <Br/>
      University of Vlora <Br/>
      Lagjja: Pavaresia <Br/>
      Vlore / Albania
    </Address>
  </Author>
  <Date>June 16, 2011</Date>
  <Copyright>
    &copyright; 1999 - 2011 by Stefan Kohl. <P/>

    &FactInt; is free software: you can redistribute it and/or modify
    it under the terms of the GNU General Public License as published by
    the Free Software Foundation, either version 2 of the License, or
    (at your option) any later version. <P/>

    &FactInt; is distributed in the hope that it will be useful,
    but WITHOUT ANY WARRANTY; without even the implied warranty of
    MERCHANTABILITY or FITNESS FOR A PARTICULAR PURPOSE.  See the
    GNU General Public License for more details. <P/>

    For a copy of the GNU General Public License, see 
    the file <F>GPL</F> in the <F>etc</F> directory of the &GAP;
    distribution or see <URL>http://www.gnu.org/licenses/gpl.html</URL>.
  </Copyright>
  <#Include SYSTEM "abstract.xml">
  <Acknowledgements>
    I would like to thank Bettina Eick and Steve Linton for their support
    and many interesting discussions.
  </Acknowledgements>
</TitlePage>

<!-- #################################################################### -->

<TableOfContents/>

<!-- #################################################################### -->

<Body>

<#Include SYSTEM "preface.xml">
<#Include SYSTEM "general.xml">
<#Include SYSTEM "methods.xml">
<#Include SYSTEM "timings.xml">

</Body>

<!-- #################################################################### -->

<Bibliography Databases="factintbib.xml"/>

<TheIndex/>

<!-- #################################################################### -->

</Book>

<!-- #################################################################### -->
