<!-- #################################################################### -->
<!-- ##                                                                ## -->
<!-- ##  SimpleGroupsSizesIterator.xml                    Stefan Kohl  ## -->
<!-- ##  Iterators documentation                                       ## -->
<!-- ##                                                                ## -->
<!-- #################################################################### -->

<Chapter Label="ch:IteratorsOfSizesOfSimpleGroups">
<Heading>Iterators running over orders of simple groups</Heading>

<Ignore Remark="set screen width to 75, for the example tester">
<Example>
<![CDATA[
gap> SizeScreen([75,24]);;
]]>
</Example>
</Ignore>

<!-- #################################################################### -->

<Section Label="sec:IteratingOverOrdersOfSimpleGroups">
<Heading>Iterating over the orders of simple groups</Heading>

<ManSection>
  <Func Name="SimpleGroupsSizesIterator" Arg=""
        Label="starting at 60, ad infinitum"/>
  <Func Name="SimpleGroupsSizesIterator" Arg="start"
        Label="starting at given value"/>
  <Func Name="SimpleGroupsSizesIterator" Arg="start, finish"
        Label="over specified range"/>
  <Returns>
    an iterator which iterates over the orders of non-abelian finite simple
    groups, in ascending order, starting at order <A>start</A> if specified,
    up to order <A>finish</A> if specified.
  </Returns>
  <Description>
    Numbers which are the order of two distinct simple groups occur twice.
    Default values for <A>start</A> and <A>finish</A> are 1 and
    <C>infinity</C>, respectively. If the option <C>nopsl2</C> is set,
    numbers which occur only as orders of groups of type <M>{\rm PSL}_2(q)</M>
    are omitted. If the option <C>names</C> is set, the iterator produces not
    only the group orders, but rather it gives for each group a list which
    contains (in that ordering) the order, the name of the series, the
    parameters and a common name.
<Example>
<![CDATA[
gap> iter := SimpleGroupsSizesIterator();                      
<iterator of orders of simple groups>
gap> NextIterator(iter);
60
gap> NextIterator(iter);
168
gap> NextIterator(iter);
360
gap> iter := SimpleGroupsSizesIterator(1:names);;
gap> NextIterator(iter);
[ 60, "Alt", [ 5 ], "A5" ]
gap> NextIterator(iter);
[ 168, "A", [ 2, 2 ], "PSL(3,2)" ]
gap> NextIterator(iter);
[ 360, "Alt", [ 6 ], "A6" ]
gap> NextIterator(iter);
[ 504, "A", [ 1, 8 ], "PSL(2,8)" ]
gap> NextIterator(iter);
[ 660, "A", [ 1, 11 ], "PSL(2,11)" ]
gap> iter := SimpleGroupsSizesIterator(1:nopsl2,names);;
gap> NextIterator(iter);
[ 60, "Alt", [ 5 ], "A5" ]
gap> NextIterator(iter);
[ 168, "A", [ 2, 2 ], "PSL(3,2)" ]
gap> NextIterator(iter);
[ 360, "Alt", [ 6 ], "A6" ]
gap> NextIterator(iter);
[ 2520, "Alt", [ 7 ], "A7" ]
gap> NextIterator(iter);
[ 5616, "A", [ 2, 3 ], "PSL(3,3)" ]
gap> iter := SimpleGroupsSizesIterator(1,10^20:names);
<iterator of orders of simple groups>
gap> L := [];;
gap> for G in iter do Add(L,G); od; 
gap> Length(L);
403874
gap> Collected(List(L,l->l[2]));
[ [ "2A", 106 ], [ "2B2", 6 ], [ "2D", 6 ], [ "2G2", 2 ], [ "3D4", 4 ], 
  [ "A", 403638 ], [ "Alt", 17 ], [ "B", 46 ], [ "C", 5 ], [ "D", 6 ], 
  [ "F4", 1 ], [ "G2", 13 ], [ "Spor", 24 ] ]
gap> Filtered([1..Length(L)],i->L[i][2]="3D4"); 
[ 194, 3875, 42970, 293920 ]
gap> L{last};
[ [ 211341312, "3D4", [ 2 ], "3D(4,2)" ], 
  [ 20560831566912, "3D4", [ 3 ], "3D(4,3)" ], 
  [ 67802350642790400, "3D4", [ 4 ], "3D(4,4)" ], 
  [ 35817806390625000000, "3D4", [ 5 ], "3D(4,5)" ] ]
gap> Filtered([1..Length(L)],i->L[i][2]="Spor");
[ 15, 31, 36, 46, 50, 98, 111, 138, 143, 203, 269, 388, 976, 1325, 1334, 
  1364, 4771, 5396, 8240, 39569, 46944, 150537, 151306, 386553 ]
gap> iter := SimpleGroupsSizesIterator(1,SizeSpor[27][2]+1:names,nopsl2);
<iterator of orders of simple groups>
gap> L := [];;
gap> for G in iter do Add(L,G); od;
gap> Length(L);
837104
gap> L[837104];           
[ 808017424794512875886459904961710757005754368000000000, "Spor", 
  [ 27 ], "M" ]
]]>
</Example>
  </Description>
</ManSection>

</Section>

<!-- #################################################################### -->

<Section Label="sec:CountingSimpleGroups">
<Heading>Counting the simple groups of order up to a given bound</Heading>

The following functions make use of the function 
<Ref Func="PrimeCount"
     Label="up to given bound"/>,
and therefore require the program
<C>primecount</C>&nbsp;<Cite Key="PrimeCount"/> by Kim Walisch
to be installed on the system:

<Index Key="InfoSimpleGroupsSizes" Subkey="Info class">
  <C>InfoSimpleGroupsSizes</C>
</Index>

<ManSection>
  <Func Name="NumberOfSimpleGroupsOfSizeAtMost" Arg="n"/>
  <Returns>
    the number of non-abelian simple groups of order less than or equal
    to&nbsp;<A>n</A>.
  </Returns>
  <Description>
    Set the Info level of the Info class <C>InfoSimpleGroupsSizes</C>
    to a value greater than&nbsp;0 in order to get intermediate information
    on the progress from time to time when running a longer computation.
<Example>
<![CDATA[
gap> NumberOfSimpleGroupsOfSizeAtMost(10^10);
493
gap> NumberOfSimpleGroupsOfSizeAtMost(10^20);
403874
gap> NumberOfSimpleGroupsOfSizeAtMost(10^30);
567362181
gap> NumberOfSimpleGroupsOfSizeAtMost(10^40);
907948153951
gap> NumberOfSimpleGroupsOfSizeAtMost(10^50);
1556185805218446
]]>
</Example>
  </Description>
</ManSection>

<ManSection>
  <Func Name="PositionInListOfSimpleGroupsSortedBySize" Arg="G"/>
  <Returns>
    the position of the non-abelian simple group&nbsp;<A>G</A> in the list
    of non-abelian simple groups sorted by increasing order.
  </Returns>
  <Description>
    If there are two simple groups of the same order, it is not specified
    which of the two possible positions is returned. 
<Example>
<![CDATA[
gap> PositionInListOfSimpleGroupsSortedBySize(AlternatingGroup(5));
1
gap> PositionInListOfSimpleGroupsSortedBySize(AlternatingGroup(30));
2695155612
gap> PositionInListOfSimpleGroupsSortedBySize(PSL(3,3));        
11
gap> PositionInListOfSimpleGroupsSortedBySize(PSL(5,5));
40693
gap> PositionInListOfSimpleGroupsSortedBySize(PSU(5,3));
1138
gap> PositionInListOfSimpleGroupsSortedBySize(Sz(8));   
23
gap> PositionInListOfSimpleGroupsSortedBySize(Sz(2^17));
22656043
gap> PositionInListOfSimpleGroupsSortedBySize(MathieuGroup(24));    
203
gap> PositionInListOfSimpleGroupsSortedBySize(SimpleGroup("HS"));
138
]]>
</Example>
  </Description>
</ManSection>

</Section>

<!-- #################################################################### -->

<Section Label="sec:OrdersOfSimpleGroups">
<Heading>Helper functions for computing orders of simple groups</Heading>

<ManSection>
  <Func Name="SizeA" Arg="n, q"/>
  <Func Name="Size2A" Arg="n, q"/>
  <Func Name="SizeB" Arg="n, q"/>
  <Func Name="Size2B2" Arg="q"/>
  <Func Name="SizeC" Arg="n, q"/>
  <Func Name="SizeD" Arg="n, q"/>
  <Func Name="Size2D" Arg="n, q"/>
  <Func Name="Size3D4" Arg="q"/>
  <Func Name="SizeG2" Arg="q"/>
  <Func Name="Size2G2" Arg="q"/>
  <Func Name="SizeF4" Arg="q"/>
  <Func Name="Size2F4" Arg="q"/>
  <Func Name="SizeE6" Arg="q"/>
  <Func Name="Size2E6" Arg="q"/>
  <Func Name="SizeE7" Arg="q"/>
  <Func Name="SizeE8" Arg="q"/>
  <Func Name="SizeAlt" Arg="n"/>
  <Returns>
    the order of the simple group from the series indicated by the name of
    the respective function, specified by the parameters passed as arguments.
  </Returns>
  <Description>
    The formulas for the group orders have been taken from the
    Atlas of finite groups&nbsp;<Cite Key="ATLAS"/>.
<Example>
<![CDATA[
gap> SizeA(1,5);
60
gap> Size2A(5,5);
468755520187500000000000
gap> Size3D4(17); 
28253328918503724754683541171725312
gap> SizeE6(2);  
214841575522005575270400
gap> SizeE8(2);
3378047531436348062613881906140855950799916922424676515761609599090688000\
00
gap> SizeAlt(6);  
360
]]>
</Example>
  </Description>
</ManSection>

<ManSection>
  <Var Name="SizeSpor"/>
  <Description>
    A list of the orders of the 26 sporadic simple groups and the Tits group,
    as follows:
<Example>
<![CDATA[
[ [ "M11", 7920 ], [ "M12", 95040 ], [ "J_1", 175560 ], 
  [ "M22", 443520 ], [ "J_2", 604800 ], [ "M23", 10200960 ], 
  [ "2F(4,2)'", 17971200 ], [ "HS", 44352000 ], [ "J_3", 50232960 ], 
  [ "M24", 244823040 ], [ "McL", 898128000 ], [ "He", 4030387200 ], 
  [ "Ru", 145926144000 ], [ "Suz", 448345497600 ], 
  [ "ON", 460815505920 ], [ "Co_3", 495766656000 ], 
  [ "Co_2", 42305421312000 ], [ "Fi22", 64561751654400 ], 
  [ "HN", 273030912000000 ], [ "Ly", 51765179004000000 ], 
  [ "Th", 90745943887872000 ], [ "Fi23", 4089470473293004800 ], 
  [ "Co_1", 4157776806543360000 ], [ "J_4", 86775571046077562880 ], 
  [ "Fi24'", 1255205709190661721292800 ], 
  [ "B", 4154781481226426191177580544000000 ], 
  [ "M", 808017424794512875886459904961710757005754368000000000 ] ]
]]>
</Example>
  </Description>
</ManSection>

</Section>

<!-- #################################################################### -->

</Chapter>

<!-- #################################################################### -->

