<?xml version="1.0" encoding="UTF-8"?>

<!-- This is an automatically generated file. -->
<TitlePage>
  <Title>
    Iterators
  </Title>
  <Subtitle>
    Iterators of orders of simple groups and more
  </Subtitle>
  <Version>
    1.0.0dev
  </Version>
  <Author>
    Stefan Kohl<Alt Only="LaTeX"><Br/></Alt>
<Email>sk239@st-andrews.ac.uk</Email>
<Homepage>https://stefan-kohl.github.io/</Homepage>

  </Author>
  <Date>
    8 March 2020
  </Date>
  <Abstract>
    <#Include SYSTEM "abstract.xml">
  </Abstract>
  <Copyright>
    
&copyright; 2020 by Stefan Kohl. <P/>

&Iterators; is free software: you can redistribute it and/or modify
it under the terms of the GNU General Public License as published by
the Free Software Foundation, either version 2 of the License, or
(at your option) any later version. <P/>

&Iterators; is distributed in the hope that it will be useful,
but WITHOUT ANY WARRANTY; without even the implied warranty of
MERCHANTABILITY or FITNESS FOR A PARTICULAR PURPOSE.  See the
GNU General Public License for more details. <P/>

For a copy of the GNU General Public License, see 
the file <F>GPL</F> in the <F>etc</F> directory of the &GAP;
distribution or see <URL>https://www.gnu.org/licenses/gpl.html</URL>.
        
  </Copyright>
  </TitlePage>