<!-- #################################################################### -->
<!-- ##                                                                ## -->
<!-- ##  UtilitiesForPrimes.xml                           Stefan Kohl  ## -->
<!-- ##  Iterators documentation                                       ## -->
<!-- ##                                                                ## -->
<!-- #################################################################### -->

<Chapter Label="ch:UtilitiesForPrimes">
<Heading>Utility functions for prime numbers</Heading>

<Ignore Remark="set screen width to 75, for the example tester">
<Example>
<![CDATA[
gap> SizeScreen([75,24]);;
]]>
</Example>
</Ignore>

<!-- #################################################################### -->

<Section Label="sec:CountingPrimes">
<Heading>Counting prime numbers and finding the <M>n</M>th prime</Heading>

The following functions require the program
<C>primecount</C>&nbsp;<Cite Key="PrimeCount"/> by Kim Walisch
to be installed on the system:

<ManSection>
  <Func Name="PrimeCount" Arg="n"
        Label="up to given bound"/>
  <Returns>
    the number of prime numbers less than or equal to&nbsp;<A>n</A>.
  </Returns>
  <Description>
    As the combinatorial counting algorithm used by
    <C>primecount</C>&nbsp;<Cite Key="PrimeCount"/> is notably faster than
    <M>O(n)</M>, it is feasible to count the primes less than, say,
    <M>10^{18}</M> in about a minute. The maximum allowed argument is
    <M>10^{31}</M> -- but for bounds of that order of magnitude,
    on a usual PC the computation would take too much resources anyway. 
<Example>
<![CDATA[
gap> PrimeCount(10^15);
29844570422669
gap> List([1..15],k->PrimeCount(Factorial(k)));
[ 0, 1, 3, 9, 30, 128, 675, 4231, 30969, 258689, 2428956, 25306287, 
  289620751, 3610490805, 48686912930 ]
]]>
</Example>
  </Description>
</ManSection>

<ManSection>
  <Func Name="NthPrime" Arg="n"
        Label="n-th prime number"/>
  <Returns>
    the <A>n</A>-th prime number.
  </Returns>
  <Description>
<Example>
<![CDATA[
gap> NthPrime(10^12);
29996224275833
]]>
</Example>
  </Description>
</ManSection>

</Section>

<!-- #################################################################### -->

<Section Label="sec:IteratingOverPrimePowers">
<Heading>Iterating over the prime powers</Heading>

<ManSection>
  <Func Name="PrimePowersIteratior" Arg=""
        Label="ad infinitum"/>
  <Func Name="PrimePowersIteratior" Arg="finish"
        Label="up to given bound"/>
  <Func Name="PrimePowersIteratior" Arg="finish, chunksize"
        Label="dito, with specified chunk size"/>
  <Returns>
    an iterator which iterates over the prime powers in increasing order,
    starting at 2 -- and ending at <A>finish</A> if specified.
  </Returns>
  <Description>
    If the third argument <A>chunksize</A> is given, it specifies the
    length of the interval which is sieved in one go using the Sieve of
    Eratosthenes. Longer sieving intervals increase the memory requirements
    and the time needed for initially setting up the iterator, but make
    iterating over many prime powers faster.
<Example>
<![CDATA[
gap> iter := PrimePowersIterator();
<iterator of prime powers>
gap> repeat q := NextIterator(iter); until PowerModInt(2,q-1,q^2)=1;
gap> q;
1093
gap> iter := PrimePowersIterator(1000000);;
gap> qs := [];;
gap> for q in iter do Add(qs,q); od; 
gap> Length(qs);
78734
gap> Number([1..1000000],IsPrimePowerInt);
78734
gap> iter := PrimePowersIterator(10000000,100000);;
gap> qs := [];;
gap> for q in iter do Add(qs,q); od;
gap> Length(qs);
665134
]]>
</Example>
  </Description>
</ManSection>

</Section>

</Chapter>

<!-- #################################################################### -->

