<!-- #################################################################### -->
<!-- ##                                                                ## -->
<!-- ##  abstract.xml         RCWA documentation          Stefan Kohl  ## -->
<!-- ##                                                                ## -->
<!-- #################################################################### -->

<Abstract>

&RCWA; is a package for &GAP;&nbsp;4. It provides implementations of
algorithms and methods for computing in certain infinite permutation groups
acting on the set of integers. In principle, this package can deal at least
with the following types of groups and their subgroups:

<List>

  <Item>
    Finite groups, and certain divisible torsion groups which they
    embed into.
  </Item>

  <Item>
    Free groups of finite rank.
  </Item>

  <Item>
    Free products of finitely many finite groups, thus in particular
    the modular group PSL(2,&ZZ;).
  </Item>

  <Item>
    Direct products of the above groups.
  </Item>

  <Item>
    Wreath products of the above groups with finite groups and
    with&nbsp;(&ZZ;,+).
  </Item>

</List>

With substancial help of this package, the author has found the results
published in&nbsp;<Cite Key="Kohl09"/>. <P/>

</Abstract>

<!-- #################################################################### -->
