<?xml version="1.0" encoding="ISO-8859-1"?>

<!DOCTYPE Book SYSTEM "../../gapdoc/gapdoc.dtd"
 [ <!ENTITY GAP "<Package>GAP</Package>">
   <!ENTITY RCWA "<Package>RCWA</Package>">
   <!ENTITY ResClasses "<Package>ResClasses</Package>">
 ]>
<?LaTeX ExtraPreamble="
\usepackage{amsfonts}
\usepackage{amsxtra}
"?>

<!-- #################################################################### -->
<!-- ##                                                                ## -->
<!-- ##  rcwa.xml           RCWA documentation            Stefan Kohl  ## -->
<!-- ##                                                                ## -->
<!-- #################################################################### -->

<Book Name="RCWA"> 

<!-- #################################################################### -->

<TitlePage>
  <Title>&RCWA;</Title>
  <Subtitle>Residue-Class-Wise Affine Groups</Subtitle>
  <Version>
    Version <#Include SYSTEM "../version">
  </Version>
  <Author>
    Stefan Kohl
    <Email>stefan@mcs.st-and.ac.uk</Email>
    <Homepage>
      http://www.gap-system.org/DevelopersPages/StefanKohl/
    </Homepage>
    <Address>
      Department of Mathematics <Br/>
      University of Vlora <Br/>
      Lagjja: Pavaresia <Br/>
      Vlore / Albania
    </Address>
  </Author>
  <Date>June 4, 2011</Date>
  <Copyright>
    &copyright; 2003 - 2011 by Stefan Kohl. <P/>

    &RCWA; is free software: you can redistribute it and/or modify
    it under the terms of the GNU General Public License as published by
    the Free Software Foundation, either version 2 of the License, or
    (at your option) any later version. <P/>

    &RCWA; is distributed in the hope that it will be useful,
    but WITHOUT ANY WARRANTY; without even the implied warranty of
    MERCHANTABILITY or FITNESS FOR A PARTICULAR PURPOSE.  See the
    GNU General Public License for more details. <P/>

    For a copy of the GNU General Public License, see 
    the file <F>GPL</F> in the <F>etc</F> directory of the &GAP;
    distribution or see <URL>http://www.gnu.org/licenses/gpl.html</URL>.
    <Alt Only="LaTeX">\vspace{-1cm}</Alt>
  </Copyright>
  <#Include SYSTEM "abstract.xml">
  <Acknowledgements>
    I thank Bettina&nbsp;Eick for communicating this package
    and for her kind help in improving its documentation.
    Further I thank the two anonymous referees for their
    constructive criticism and their helpful suggestions. 
    Also, I am grateful to Laurent Bartholdi for his hint on how
    to construct wreath products of residue-class-wise affine groups
    with&nbsp;(&ZZ;,+).
  </Acknowledgements>
</TitlePage>

<!-- #################################################################### -->

<TableOfContents/>

<!-- #################################################################### -->

<Body>

<#Include SYSTEM "about.xml">
<#Include SYSTEM "rcwamap.xml">
<#Include SYSTEM "rcwagrp.xml">
<#Include SYSTEM "rcwamono.xml">
<#Include SYSTEM "zxz.xml">
<#Include SYSTEM "examples.xml">
<#Include SYSTEM "algs.xml">
<#Include SYSTEM "rcwaaux.xml">

</Body>

<!-- #################################################################### -->

<Bibliography Databases="rcwabib.xml"/>

<TheIndex/>

<!-- #################################################################### -->

</Book>

<!-- #################################################################### -->
