<!-- #################################################################### -->
<!-- ##                                                                ## -->
<!-- ##  resclass.xml      ResClasses documentation       Stefan Kohl  ## -->
<!-- ##                                                                ## -->
<!-- #################################################################### -->

<Chapter Label="ch:UnionsOfResidueClasses">
<Heading>Set-Theoretic Unions of Residue Classes</Heading>

<Ignore Remark="set screen width to 75, for the example tester">
<Example>
<![CDATA[
gap> SizeScreen([75,24]);;
]]>
</Example>
</Ignore>

<!-- #################################################################### -->

<Section Label="sec:DefiningUnionsOfResidueClasses">
<Heading>Entering residue classes and set-theoretic unions thereof</Heading>

<ManSection>
  <Func Name="ResidueClass"
        Arg="R, m, r" Label="by ring, modulus and residue"/>
  <Func Name="ResidueClass"
        Arg="m, r" Label="by modulus and residue"/>
  <Func Name="ResidueClass"
        Arg="r, m" Label="by residue and modulus"/>
  <Returns>
    in the three-argument form the residue class
    <A>r</A>&nbsp;mod&nbsp;<A>m</A> of the ring&nbsp;<A>R</A>,
    and in the two-argument form the residue class
    <A>r</A>&nbsp;mod&nbsp;<A>m</A> of the <Q>default ring</Q>
    (<M>\rightarrow</M> <C>DefaultRing</C> in the &GAP; Reference Manual)
    of the arguments.
  </Returns>
  <Description>
    In the two-argument case, <A>m</A> is taken to be the larger and
    <A>r</A> is taken to be the smaller of the arguments.
    For convenience, it is permitted to enclose the argument list in
    list brackets. <P/>

    <Index Key="IsResidueClass"><C>IsResidueClass</C></Index>
    <Index Key="Modulus" Subkey="of a residue class"><C>Modulus</C></Index>
    <Index Key="Residue" Subkey="of a residue class"><C>Residue</C></Index>

    Residue classes have the property <C>IsResidueClass</C>.
    Rings are regarded as residue class 0&nbsp;(mod&nbsp;1),
    and therefore have this property. There are operations <C>Modulus</C>
    and <C>Residue</C> to retrieve the modulus&nbsp;<A>m</A> resp.
    residue&nbsp;<A>r</A> of a residue class.
<Example>
<![CDATA[
gap> ResidueClass(2,3);
The residue class 2(3) of Z
gap> ResidueClass(Z_pi([2,5]),2,1);
The residue class 1(2) of Z_( 2, 5 )
gap> R := PolynomialRing(GF(2),1);;
gap> x := Indeterminate(GF(2),1);; SetName(x,"x");
gap> ResidueClass(R,x+One(R),Zero(R));
The residue class 0 ( mod x+1 ) of GF(2)[x]
]]>
</Example>
  </Description>
</ManSection>

<ManSection>
  <Func Name="ResidueClassUnion"
        Arg="R, m, r"
        Label="by ring, modulus and residues"/>
  <Func Name="ResidueClassUnion"
        Arg="R, m, r, included, excluded"
        Label="ditto, plus included / excluded elements"/>
  <Returns>
    the union of the residue classes
    <A>r</A>[<M>i</M>]&nbsp;mod&nbsp;<A>m</A>
    of the ring&nbsp;<A>R</A>, plus / minus finite sets <A>included</A>
    and <A>excluded</A> of elements of&nbsp;<A>R</A>.
  </Returns>
  <Description>
<Alt Only="LaTeX">\pagebreak[4]</Alt>
<Example>
<![CDATA[
gap> ResidueClassUnion(Integers,5,[1,2],[3,8],[-4,1]);
(Union of the residue classes 1(5) and 2(5) of Z) U [ 3, 8 ] \ [ -4, 1 ]
gap> ResidueClassUnion(Z_pi([2,3]),8,[3,5]);
Union of the residue classes 3(8) and 5(8) of Z_( 2, 3 )
gap> ResidueClassUnion(R,x^2,[One(R),x],[],[One(R)]);
<union of 2 residue classes (mod x^2) of GF(2)[x]> \ [ 1 ]
]]>
</Example>
  </Description>
</ManSection>

<Index Key="residue class union" Subkey="definition">
  residue class union
</Index>

When talking about a <E>residue class union</E> in this chapter,
we always mean an object as it is returned by this function. <P/>

<Index Key="Modulus" Subkey="of a residue class union">
  <C>Modulus</C>
</Index>
<Index Key="Residues" Subkey="of a residue class union">
  <C>Residues</C>
</Index>
<Index Key="IncludedElements" Subkey="of a residue class union">
  <C>IncludedElements</C>
</Index>
<Index Key="ExcludedElements" Subkey="of a residue class union">
  <C>ExcludedElements</C>
</Index>

There are operations <C>Modulus</C>, <C>Residues</C>,
<C>IncludedElements</C> and <C>ExcludedElements</C> to retrieve the
components of a residue class union as they have originally been passed
as arguments to <Ref Func="ResidueClassUnion"
                     Label="by ring, modulus and residues"/>. <P/>

<Index Key="ResidueClassUnionViewingFormat">
  <C>ResidueClassUnionViewingFormat</C>
</Index>

The user has the choice between a longer and more descriptive
and a shorter and less bulky output format for residue classes and
unions thereof:

<Example>
<![CDATA[
gap> ResidueClassUnionViewingFormat("short");
gap> ResidueClassUnion(Integers,12,[0,1,4,7,8]);
0(4) U 1(6)
gap> ResidueClassUnionViewingFormat("long");
gap> ResidueClassUnion(Integers,12,[0,1,4,7,8]);
Union of the residue classes 0(4) and 1(6) of Z
]]>
</Example>

<ManSection>
  <Func Name="AllResidueClassesModulo"
        Arg="R, m" Label="of a given ring, modulo a given modulus"/>
  <Func Name="AllResidueClassesModulo"
        Arg="m" Label="by modulus, of the default ring of that modulus"/>
  <Returns>
    a sorted list of all residue classes (mod&nbsp;<A>m</A>)
    of the ring&nbsp;<A>R</A>.
  </Returns>
  <Description>
    If the argument <A>R</A> is omitted it defaults to the default ring of
    <A>m</A> -- cf. the documentation of <C>DefaultRing</C> in the &GAP;
    reference manual.
    <Index Key="AllResidues" Subkey="by ring and modulus">
      <C>AllResidues</C>
    </Index>
    <Index Key="NumberOfResidues" Subkey="by ring and modulus">
      <C>NumberOfResidues</C>
    </Index>
    A transversal for the residue classes (mod&nbsp;<A>m</A>) can be
    obtained by the operation <C>AllResidues(<A>R</A>,<A>m</A>)</C>,
    and their number can be determined by the operation
    <C>NumberOfResidues(<A>R</A>,<A>m</A>)</C>.
<Example>
<![CDATA[
gap> AllResidueClassesModulo(Integers,2);
[ The residue class 0(2) of Z, The residue class 1(2) of Z ]
gap> AllResidueClassesModulo(Z_pi(2),2);
[ The residue class 0(2) of Z_( 2 ), The residue class 1(2) of Z_( 2 ) ]
gap> AllResidueClassesModulo(R,x);
[ The residue class 0 ( mod x ) of GF(2)[x], 
  The residue class 1 ( mod x ) of GF(2)[x] ]
gap> AllResidues(R,x^3);
[ 0, 1, x, x+1, x^2, x^2+1, x^2+x, x^2+x+1 ]
gap> NumberOfResidues(Z_pi([2,3]),360);
72
]]>
</Example>
  </Description>
</ManSection>

</Section>

<!-- #################################################################### -->

<Section Label="sec:MethodsForResidueClassUnions">
<Heading>Methods for residue class unions</Heading>

<Index Key="Print" Subkey="for a residue class union">
  <C>Print</C>
</Index>
<Index Key="String" Subkey="for a residue class union">
  <C>String</C>
</Index>
<Index Key="Display" Subkey="for a residue class union">
  <C>Display</C>
</Index>

There are methods for <C>Print</C>, <C>String</C> and <C>Display</C>
which are applicable to residue class unions. There is a method
for <C>in</C> which tests whether some ring element lies in a given
residue class union.

<Example>
<![CDATA[
gap> Print(ResidueClass(1,2),"\n");
ResidueClassUnion( Integers, 2, [ 1 ] )
gap> 1 in ResidueClass(1,2);
true
]]>
</Example>

<Index Key="Union" Subkey="for residue class unions">
  <C>Union</C>
</Index>
<Index Key="Intersection" Subkey="for residue class unions">
  <C>Intersection</C>
</Index>
<Index Key="Difference" Subkey="for residue class unions">
  <C>Difference</C>
</Index>
<Index Key="IsSubset" Subkey="for residue class unions">
  <C>IsSubset</C>
</Index>

There are methods for <C>Union</C>, <C>Intersection</C>, <C>Difference</C>
and <C>IsSubset</C> available for residue class unions.
They also accept finite subsets of the base ring as arguments.

<Example>
<![CDATA[
gap> S := Union(ResidueClass(0,2),ResidueClass(0,3));
Z \ Union of the residue classes 1(6) and 5(6) of Z
gap> Intersection(S,ResidueClass(0,7));
Union of the residue classes 0(14) and 21(42) of Z
gap> Difference(S,ResidueClass(2,4));
Union of the residue classes 0(4) and 3(6) of Z
gap> IsSubset(ResidueClass(0,2),ResidueClass(4,8));
true
gap> Union(S,[1..10]);
(Union of the residue classes 0(2) and 3(6) of Z) U [ 1, 5, 7 ]
gap> Intersection(S,[1..6]);
[ 2, 3, 4, 6 ]
gap> Difference(S,[1..6]);
(Union of the residue classes 0(2) and 3(6) of Z) \ [ 2, 3, 4, 6 ]
gap> Difference(Integers,[1..10]);
Z \ <set of cardinality 10>
gap> IsSubset(S,[1..10]);
false
]]>
</Example>

If the underlying ring has a residue class ring of a given
cardinality&nbsp;<M>t</M>, then a residue class can be written as
a disjoint union of <M>t</M> residue classes with equal moduli:

<ManSection>
  <Oper Name="SplittedClass"
        Arg="cl, t" Label="for a residue class and a number of parts"/>
  <Returns>
    a partition of the residue class <A>cl</A> into <A>t</A> residue
    classes with equal moduli, provided that such a partition exists.
    Otherwise <C>fail</C>.
  </Returns>
  <Description>
<Example>
<![CDATA[
gap> SplittedClass(ResidueClass(1,2),2);
[ The residue class 1(4) of Z, The residue class 3(4) of Z ]
gap> SplittedClass(ResidueClass(Z_pi(3),3,0),2);
fail
]]>
</Example>
  </Description>
</ManSection>

Often one needs a partition of a given residue class union into
<Q>few</Q> residue classes. The following operation takes care of this:

<ManSection>
  <Oper Name="AsUnionOfFewClasses"
        Arg="U" Label="for a residue class union"/>
  <Returns>
    a set of disjoint residue classes whose union is equal to&nbsp;<A>U</A>,
    up to the finite sets <C>IncludedElements(<A>U</A>)</C> and
    <C>ExcludedElements(<A>U</A>)</C>.
  </Returns>
  <Description>
    As the name of the operation suggests, it is taken care that
    the number of residue classes in the returned list is kept
    <Q>reasonably small</Q>. It is not guaranteed that it is minimal.
<Example>
<![CDATA[
gap> ResidueClassUnionViewingFormat("short");
gap> AsUnionOfFewClasses(Difference(Integers,ResidueClass(0,30)));
[ 1(2), 2(6), 4(6), 6(30), 12(30), 18(30), 24(30) ]
gap> Union(last);
Z \ 0(30)
]]>
</Example>
  </Description>
</ManSection>

One can compute the sets of sums, differences, products and quotients of
the elements of a residue class union and an element of the base ring:

<Example>
<![CDATA[
gap> ResidueClass(0,2) + 1;
1(2)
gap> ResidueClass(0,2) - 2 = ResidueClass(0,2);
true
gap> 3 * ResidueClass(0,2);
0(6)
gap> ResidueClass(0,2)/2;
Integers
]]>
</Example>

<ManSection>
  <Oper Name="PartitionsIntoResidueClasses"
        Arg="R, length" Label="of a given ring, of given length"/>
  <Oper Name="PartitionsIntoResidueClasses"
        Arg="R, length, primes"
        Label="of a given ring, of given length, with moduli with given factors"/>
  <Returns>
    in the 2-argument version a sorted list of all partitions of the ring
    <A>R</A> into <A>length</A> residue classes. In the 3-argument version
    a sorted list of all partitions of the ring <A>R</A> into <A>length</A>
    residue classes whose moduli have only prime factors in the list
    <A>primes</A>.
  </Returns>
  <Description>
<Example>
<![CDATA[
gap> PartitionsIntoResidueClasses(Integers,4);
[ [ 0(2), 1(4), 3(8), 7(8) ], [ 0(2), 3(4), 1(8), 5(8) ], 
  [ 0(2), 1(6), 3(6), 5(6) ], [ 1(2), 0(4), 2(8), 6(8) ], 
  [ 1(2), 2(4), 0(8), 4(8) ], [ 1(2), 0(6), 2(6), 4(6) ], 
  [ 0(3), 1(3), 2(6), 5(6) ], [ 0(3), 2(3), 1(6), 4(6) ], 
  [ 1(3), 2(3), 0(6), 3(6) ], [ 0(4), 1(4), 2(4), 3(4) ] ]
]]>
</Example>
  </Description>
</ManSection>

<ManSection>
  <Oper Name="RandomPartitionIntoResidueClasses"
        Arg="R, length, primes"
        Label="of a given ring, of given length"/>
  <Returns>
    a <Q>random</Q> partition of the ring&nbsp;<A>R</A> into <A>length</A>
    residue classes whose moduli have only prime factors in <A>primes</A>,
    respectively <C>fail</C> if no such partition exists.
  </Returns>
  <Description>
<Log>
<![CDATA[
gap> RandomPartitionIntoResidueClasses(Integers,30,[2,3,5,7]);
[ 0(7), 2(7), 5(7), 3(14), 10(14), 1(21), 8(21), 15(21), 18(21), 20(21), 
  6(63), 13(63), 25(63), 27(63), 32(63), 34(63), 46(63), 48(63), 53(63), 
  55(63), 4(126), 67(126), 137(189), 74(567), 200(567), 263(567), 
  389(567), 452(567), 11(1134), 578(1134) ]
gap> Union(last);
Integers
gap> Sum(List(last2,Density));
1
]]>
</Log>
  </Description>
</ManSection>

<ManSection>
  <Oper Name="Density" Arg="U" Label="of a residue class union"/>
  <Returns>
    the natural density of&nbsp;<A>U</A> as a subset of the underlying ring.
  </Returns>
  <Description>
    The <E>natural density</E> of a residue class <M>r(m)</M>
    of a ring&nbsp;<M>R</M> is defined by <M>1/|R/mR|</M>, and
    the <E>natural density</E> of a union&nbsp;<M>U</M> of finitely many
    residue classes is defined by the sum of the densities of the elements
    of a partition of&nbsp;<M>U</M> into finitely many residue classes.
<Example>
<![CDATA[
gap> Density(ResidueClass(0,2));
1/2
gap> Density(Difference(Integers,ResidueClass(0,5)));
4/5
]]>
</Example>
  </Description>
</ManSection>

<Index Key="Iterator" Subkey="for a residue class union">
  <C>Iterator</C>
</Index>
<Index Key="NextIterator" Subkey="for an iterator of a residue class union">
  <C>NextIterator</C>
</Index>

For looping over residue class unions of the integers, there are
methods for the operations <C>Iterator</C> and <C>NextIterator</C>.

</Section>

<!-- #################################################################### -->

<Section Label="sec:ResidueClassUnionsOfZxZ">
<Heading>On residue class unions of <M>&ZZ;^2</M></Heading>

Residue class unions of <M>&ZZ;^2</M> are treated similar as those of any
other ring. Also there is roughly the same functionality available for them.
However there are some differences and a few additional features, which are
described in this section. <P/>

The elements of&nbsp;<M>&ZZ;^2</M> are represented as lists of length&nbsp;2
with integer entries. The modulus of a residue class union of <M>&ZZ;^2</M>
is a lattice. This lattice is stored as a <M>2 \times 2</M> integer matrix
of full rank in Hermite normal form, whose rows are the spanning vectors.
Residue classes of&nbsp;<M>&ZZ;^2</M> modulo principal ideals are presently
not implemented. Residue class unions of&nbsp;<M>&ZZ;^2</M> can be
multiplied by matrices of full rank from the right. A snippet of a residue
class union of&nbsp;<M>&ZZ;^2</M> is shown in <Q>ASCII art</Q> when one
<C>Display</C>'s it with option <C>AsGrid</C>. We give some illustrative
examples:

<Example>
<![CDATA[
gap> R := Integers^2;
( Integers^2 )
gap> 5*R+[2,3];
(2,3)+(5,0)Z+(0,5)Z
gap> Difference(R,last);
Z^2 \ (2,3)+(5,0)Z+(0,5)Z
gap> Density(last);
24/25
gap> L1 := [[2,1],[-1,2]];;
gap> L2 := [[6,2],[0,6]];;
gap> AllResidueClassesModulo(R,L1); # The modulus is transformed to HNF.
[ (0,0)+(1,3)Z+(0,5)Z, (0,1)+(1,3)Z+(0,5)Z, (0,2)+(1,3)Z+(0,5)Z,
  (0,3)+(1,3)Z+(0,5)Z, (0,4)+(1,3)Z+(0,5)Z ]
gap> cl1 := ResidueClass(R,L1,[0,0]);
(0,0)+(1,3)Z+(0,5)Z
gap> cl2 := ResidueClass(R,L2,[0,0]);
(0,0)+(6,2)Z+(0,6)Z
gap> cl3 := Intersection(cl1,cl2);
(0,0)+(6,8)Z+(0,30)Z
gap> S1 := Difference(cl1,cl2);
<union of 35 residue classes (mod (6,8)Z+(0,30)Z)>
gap> S2 := Difference(cl2,cl1);
<union of 4 residue classes (mod (6,8)Z+(0,30)Z)>
gap> Display(S1); # The set is written as union of "few" residue classes:
(0,5)+(1,3)Z+(0,10)Z U (1,3)+(2,6)Z+(0,10)Z U (2,6)+(6,8)Z+(0,10)Z U
(4,2)+(6,8)Z+(0,10)Z U (0,10)+(6,8)Z+(0,30)Z U (0,20)+(6,8)Z+(0,30)Z
gap> Display(S2);
(0,6)+(6,8)Z+(0,30)Z U (0,12)+(6,8)Z+(0,30)Z U (0,18)+(6,8)Z+(0,30)Z
 U (0,24)+(6,8)Z+(0,30)Z
gap> cls := AsUnionOfFewClasses(S1);
[ (0,5)+(1,3)Z+(0,10)Z, (1,3)+(2,6)Z+(0,10)Z, (2,6)+(6,8)Z+(0,10)Z,
  (4,2)+(6,8)Z+(0,10)Z, (0,10)+(6,8)Z+(0,30)Z, (0,20)+(6,8)Z+(0,30)Z ]
gap> Union(cls) = S1;
true
gap> S3 := S1*[[3,5],[2,4]];
<union of 35 residue classes (mod (2,46)Z+(0,180)Z)>
gap> Display(S1:AsGrid);
    *    *    *    *    *    *    *    *    *    *    *    *    *    *
 *    *    *    *    *    *    *    *    *    *    *    *    *    *    *
   *    *    *    *    *    *    *    *    *    *    *    *    *    *
*    *    *    *    *    *    *    *    *    *    *    *    *    *    *
  *    *    *    *    *    *    *    *    *    *    *    *    *    *    *
    *    *    *    *         *    *    *    *    *         *    *    *
 *    *    *    *    *    *    *    *    *    *    *    *    *    *    *
   *    *    *    *    *    *    *    *    *    *    *    *    *    *
*    *    *    *    *    *    *    *    *    *    *    *    *    *    *
  *    *    *    *    *    *    *    *    *    *    *    *    *    *    *
    *    *    *    *    *    *    *    *    *    *    *    *    *    *
 *    *    *         *    *    *    *    *         *    *    *    *    *
   *    *    *    *    *    *    *    *    *    *    *    *    *    *
*    *    *    *    *    *    *    *    *    *    *    *    *    *    *
  *    *    *    *    *    *    *    *    *    *    *    *    *    *    *
    *    *    *    *    *    *    *    *    *    *    *    *    *    *
 *    *    *    *    *    *    *    *    *    *    *    *    *    *    *
   *         *    *    *    *    *         *    *    *    *    *
*    *    *    *    *    *    *    *    *    *    *    *    *    *    *
  *    *    *    *    *    *    *    *    *    *    *    *    *    *    *
    *    *    *    *    *    *    *    *    *    *    *    *    *    *
 *    *    *    *    *    *    *    *    *    *    *    *    *    *    *
   *    *    *    *    *    *    *    *    *    *    *    *    *    *
     *    *    *    *    *         *    *    *    *    *         *    *
]]>
</Example>

Note that in &GAP; multiplying lists of integers means computing their
scalar product as vectors. The consequence is that technically the free
module <M>&ZZ;^2</M> is not a ring in &GAP;.

</Section>

<!-- #################################################################### -->

<Section Label="sec:CategoriesOfResidueClassUnions">
<Heading>The categories and families of residue class unions</Heading>

<ManSection>
  <Filt Name="IsResidueClassUnion" Arg="U"/>
  <Filt Name="IsResidueClassUnionOfZ" Arg="U"/>
  <Filt Name="IsResidueClassUnionOfZxZ" Arg="U"/>
  <Filt Name="IsResidueClassUnionOfZ_pi" Arg="U"/>
  <Filt Name="IsResidueClassUnionOfGFqx" Arg="U"/>
  <Returns>
    <C>true</C> if <A>U</A> is a residue class union,
    a residue class union of&nbsp;&ZZ;,
    a residue class union of&nbsp;<M>&ZZ;^2</M>,
    a residue class union of a semilocalization of&nbsp;&ZZ; or
    a residue class union of a polynomial ring in one variable
    over a finite field, respectively, and <C>false</C> otherwise.
  </Returns>
  <Description>
    Often the same methods can be used for residue class unions of the ring
    of integers and of its semilocalizations. For this reason, there is
    a category <C>IsResidueClassUnionOfZorZ&uscore;pi</C> which is the
    union of <C>IsResidueClassUnionOfZ</C> and
    <C>IsResidueClassUnionOfZ&uscore;pi</C>.
    <Index Key="IsResidueClassUnionOfZ_pi">
      <C>IsResidueClassUnionOfZ&uscore;pi</C>
    </Index>
    The internal representation of residue class unions is called
    <C>IsResidueClassUnionResidueListRep</C>.
    <Index Key="IsResidueClassUnionResidueListRep">
      <C>IsResidueClassUnionResidueListRep</C>
    </Index>
    There are methods available for <C>ExtRepOfObj</C> and
    <C>ObjByExtRep</C>.
    <Index Key="ExtRepOfObj"><C>ExtRepOfObj</C></Index>
    <Index Key="ObjByExtRep"><C>ObjByExtRep</C></Index>
  </Description>
</ManSection>

<ManSection>
  <Func Name="ResidueClassUnionsFamily"
        Arg="R" Label="of a ring"/>
  <Func Name="ResidueClassUnionsFamily"
        Arg="R, fixedreps" Label="of a ring, with fixed representatives"/>
  <Returns>
    the family of residue class unions or the family of unions of
    residue classes with fixed representatives of the ring&nbsp;<A>R</A>,
    depending on whether <A>fixedreps</A> is present and <C>true</C> or not.
  </Returns>
  <Description>
    The ring <A>R</A> can be retrieved as
    <C>UnderlyingRing(ResidueClassUnionsFamily(<A>R</A>))</C>.
    <Index Key="residue class union" Subkey="coercion">
      residue class union
    </Index>
    There is no coercion between residue class unions or unions of residue
    classes with fixed representatives which belong to different families.
    Unions of residue classes with fixed representatives are described
    in the next chapter.
  </Description>
</ManSection>

</Section>

<!-- #################################################################### -->

</Chapter>

<!-- #################################################################### -->
