<!-- #################################################################### -->
<!-- ##                                                                ## -->
<!-- ##  rcwaaux.xml         RCWA documentation           Stefan Kohl  ## -->
<!-- ##                                                                ## -->
<!-- #################################################################### -->

<Chapter Label="ch:InstallationAndAuxiliaryFunctions">
<Heading>Installation and Auxiliary Functions</Heading>

<!-- #################################################################### -->

<Section Label="sec:Requirements">
<Heading>Requirements</Heading>

This version of &RCWA; needs at least &GAP;&nbsp;4.8.1,
&ResClasses;&nbsp;4.3.0,
<Package>GRAPE</Package>&nbsp;4.7&nbsp;<Cite Key="GRAPE"/>,
<Package>Polycyclic</Package>&nbsp;2.11&nbsp;<Cite Key="Polycyclic"/>,
<Package>FR</Package>&nbsp;2.2.1&nbsp;<Cite Key="FR"/>,
&GAPDoc;&nbsp;1.5.1&nbsp;<Cite Key="GAPDoc"/>, and
<Package>Utils</Package>&nbsp;0.38&nbsp;<Cite Key="Utils"/>.
With possible exception of the most recent version of &ResClasses;,
all needed packages are already present in an up-to-date standard &GAP;
installation. The &RCWA; package is completely written in the &GAP; language
and can be used on all platforms for which &GAP; is available.

</Section>

<!-- #################################################################### -->

<Section Label="sec:Installation">
<Heading>Installation</Heading>

Like any other &GAP; package, &RCWA; is usually installed in the <F>pkg</F>
subdirectory of the &GAP; distribution. This is accomplished by extracting
the distribution file in this directory. If you have done this, you can
load the package as usual via <C>LoadPackage( "rcwa" );</C>.

</Section>

<!-- #################################################################### -->

<Section Label="sec:BuildingTheManual">
<Heading>Building the manual</Heading>

The following routine is a development tool. As all files it generates
are included in the distribution file anyway, users will not need it.

<ManSection>
  <Func Name="RCWABuildManual" Arg=""/>
  <Returns> nothing. </Returns>
  <Description>
    This function builds the manual of the &RCWA; package in the file
    formats &LaTeX;, PDF, HTML and ASCII text.
    This is accomplished using the &GAPDoc; package by Frank L�beck and
    Max Neunh�ffer. Building the manual is possible only on UNIX-type
    systems and requires PDF&LaTeX;.
  </Description>
</ManSection>

</Section>

<!-- #################################################################### -->

<Section Label="sec:TheTestingRoutines">
<Heading>The testing routines</Heading>

<ManSection>
  <Func Name="RCWATestInstall" Arg=""/>
  <Returns>
    <C>true</C> if no errors were found, and <C>false</C> otherwise.
  </Returns>
  <Description>
    Performs a nontrivial computation to check whether an installation of
    &RCWA; appears to work. Errors, i.e. differences to the correct results
    of the test computation, are reported. The processed test file is
    <F>pkg/rcwa/tst/testinstall.tst</F>.
  </Description>
</ManSection>

<ManSection>
  <Func Name="RCWATestAll" Arg=""/>
  <Returns>
    <C>true</C> if no errors were found, and <C>false</C> otherwise.
  </Returns>
  <Description>
    Runs the full test suite of the &RCWA; package.
    Any differences to the supposed results of the test computations
    are reported. The processed test files are in the directory
    <F>pkg/rcwa/tst</F>. <P/>

    Please note that the test suite is a tool for developing.
    The tests are deliberately very volatile to allow to spot possible
    problems of any kind also in other packages or in the &GAP; Library.
    For this reason you may see reports of differences
    which simply reflect improved methods in other packages or in the
    &GAP; Library (for example an object may already know more of its
    attributes or properties than it is expected to, or an object may
    be represented in a better way), or which are caused by changes of
    the way certain objects are printed, and which are therefore harmless.
    However if the correct and the actual output look different
    mathematically or if you see error messages or if &GAP; crashes,
    then something went wrong. Also, reports about significantly
    increased run times of individual commands as well as run times of
    test files which are much longer than the predicted times shown
    may indicate a problem.
  </Description>
</ManSection>

<ManSection>
  <Func Name="RCWATestExamples" Arg=""/>
  <Returns> nothing. </Returns>
  <Description>
    Runs all examples in the manual of the &RCWA; package,
    and reports any differences between the actual output and the
    output printed in the manual.
  </Description>
</ManSection>

</Section>

<!-- #################################################################### -->

<Section Label="sec:TheInfoClass">
<Heading>The Info class of the package</Heading>

<ManSection>
  <InfoClass Name="InfoRCWA"/>
  <Description>
    This is the Info class of the <Package>RCWA</Package> package.
    See section <E>Info Functions</E> in the &GAP;
    Reference Manual for a description of the Info mechanism.
    For convenience: <C>RCWAInfo(</C><A>n</A><C>)</C> is a shorthand for
    <C>SetInfoLevel(InfoRCWA</C>,<A>n</A><C>)</C>.
    <Index Key="RCWAInfo"><C>RCWAInfo</C></Index>
  </Description>
</ManSection>

</Section>

<!-- #################################################################### -->

<Section Label="sec:BitmapPictures">
<Heading>Utility functions for bitmap pictures</Heading>

&RCWA; provides functions to create bitmap picture files from suitable
pixel matrices and vice versa. The author has successfully tested this
feature both under Linux and under Windows, and the produced pictures
can be processed further with many common graphics programs:

<ManSection>
  <Func Name="SaveAsBitmapPicture"
        Arg="picture, filename" Label="picture, filename"/>
  <Returns> nothing. </Returns>
  <Description>
    Writes the pixel matrix <A>picture</A> to a bitmap- (bmp-)
    picture file named <A>filename</A>. The filename should include
    the entire pathname.

    The argument <A>picture</A> can be a GF(2) matrix, in which case a
    monochrome picture file is generated. In this case, zeros stand for
    black pixels and ones stand for white pixels.

    The argument <A>picture</A> can also be an integer matrix, in which case
    a 24-bit True Color picture file is generated. In this case, the entries
    of the matrix are supposed to be integers <M>n = 65536 \cdot red + 256
    \cdot green + blue</M> in the range <M>0, \dots, 2^{24}-1</M> specifying
    the RGB values of the colors of the pixels. <P/>

    <Index Key="LoadBitmapPicture" Subkey="filename">
      <C>LoadBitmapPicture</C>
    </Index>

    The picture can be read back into &GAP; by the function
    <C>LoadBitmapPicture(<A>filename</A>)</C>.
<Log>
<![CDATA[
gap> color   := n->32*(n mod 8)+256*32*(Int(n/8) mod 8)+65536*32*Int(n/64);;
gap> picture := List([1..512],y->List([1..512],x->color(Gcd(x,y)-1)));;
gap> SaveAsBitmapPicture(picture,"~/images/gcd.bmp");
]]>
</Log>
  </Description>
</ManSection>

</Section>

<!-- #################################################################### -->

<Section Label="sec:UtilityFunctions">
<Heading>Some general utility functions</Heading>

&RCWA; provides a couple of small utility functions which can be used in
a more general context. They are described in this section. <P/>

<Index Key="EquivalenceClasses"
       Subkey="for a list and a function computing a class invariant">
  <C>EquivalenceClasses</C>
</Index>
<Index Key="EquivalenceClasses"
       Subkey="for a list and a function describing an equivalence relation">
  <C>EquivalenceClasses</C>
</Index>

There are methods <C>EquivalenceClasses(<A>l</A>,<A>inv</A>)</C>
and  <C>EquivalenceClasses(<A>l</A>,<A>rel</A>)</C>, which decompose
a list&nbsp;<A>l</A> into equivalence classes under an equivalence
relation. The equivalence relation is given either as a function <A>inv</A>
computing a class invariant of a given list entry or as a function <A>rel</A>
which takes as arguments two list entries and returns either <C>true</C>
or <C>false</C> depending on whether the arguments belong to the same
equivalence class or not. <P/>

<Index Key="GraphClasses"><C>GraphClasses</C></Index>
<Index Key="AllGraphs"><C>AllGraphs</C></Index>
<Index Key="IdGraph"><C>IdGraph</C></Index>

There is a function <C>GraphClasses(<A>n</A>)</C>, which computes a list of
isomorphism classes of graphs with vertices <M>1, 2, \dots, n</M>, and a
function <C>AllGraphs(<A>n</A>)</C> which computes a list of representatives
of these classes. The graphs are represented as lists of edges, where
each edge is a list of the two vertices it connects, and they are ordered
by ascending number of edges.
The function <C>IdGraph(<A>graph</A>,<A>classes</A>)</C> returns the
index <C>i</C> such that <A>graph</A> lies <A>classes</A><C>[i]</C>. <P/>

</Section>

<!-- #################################################################### -->

</Chapter>

<!-- #################################################################### -->
