<?xml version="1.0" encoding="ISO-8859-1"?>
<!-- ########################################################################################### -->
<!-- ##                                                                                       ## -->
<!-- ##  resclassesbib.xml              ResClasses documentation                 Stefan Kohl  ## -->
<!-- ##                                                                                       ## -->
<!-- ########################################################################################### -->

<!DOCTYPE file SYSTEM "../../gapdoc/bibxmlext.dtd"[]>

<file>

<entry id="GAPDoc"><manual>
  <author>
    <name><first>Frank</first><last>L�beck</last></name>
    <name><first>Max</first><last>Neunh�ffer</last></name>
  </author>
  <title><C>GAPDoc (Version 1.5.1)</C></title>
  <organization>RWTH Aachen</organization>
  <year>2012</year>
  <other type="note">
    GAP package, <URL>http://www.gap-system.org/Packages/gapdoc.html</URL>
  </other>
</manual></entry>

<entry id="Polycyclic"><manual>
  <author>
    <name><first>Bettina</first><last>Eick</last></name>
    <name><first>Werner</first><last>Nickel</last></name>
  </author>
  <title>
    <C>Polycyclic -- Computation with polycyclic groups (Version 2.8.1)</C>
  </title>
  <year>2011</year>
  <other type="note">
    GAP package, <URL>http://www.gap-system.org/Packages/polycyclic.html</URL>
  </other>
</manual></entry>

<entry id="RCWA"><manual>
  <author>
    <name><first>Stefan</first><last>Kohl</last></name>
  </author>
  <title><C>RCWA - Residue-Class-Wise Affine Groups (Version 3.8.0)</C></title>
  <year>2015</year>
  <other type="note">
    GAP package, <URL>http://www.gap-system.org/Packages/rcwa.html</URL>
  </other>
</manual></entry>

</file>

<!-- ########################################################################################### -->
